"Name","Key","Type","Custom Type"
"Dev Points","customfield_21521","number","com.atlassian.jira.plugin.system.customfieldtypes:float"
"Course Title","customfield_16174","string","com.atlassian.jira.plugin.system.customfieldtypes:textfield"
"AWS Role","customfield_16173","option","com.atlassian.jira.plugin.system.customfieldtypes:select"
"Grafana Access","customfield_22850","option","com.atlassian.jira.plugin.system.customfieldtypes:select"
"AWS Environment (old)","customfield_16172","option","com.atlassian.jira.plugin.system.customfieldtypes:select"
"Frontdoor Learning Services","customfield_16171","option","com.atlassian.jira.plugin.system.customfieldtypes:select"
"Warranty Manager Roles","customfield_16178","option","com.atlassian.jira.plugin.system.customfieldtypes:select"
"2-10 App Support","customfield_18591","option","com.atlassian.jira.plugin.system.customfieldtypes:select"
"Do you require Qualtrics?","customfield_16176","option","com.atlassian.jira.plugin.system.customfieldtypes:select"
"Cost Centers","customfield_16175","string","com.atlassian.jira.plugin.system.customfieldtypes:textfield"
"AHS Ecom Issue Selection","customfield_16179","option-with-child","com.atlassian.jira.plugin.system.customfieldtypes:cascadingselect"
"Innotas Tasks - Ops","customfield_11711","option","com.atlassian.jira.plugin.system.customfieldtypes:select"
"Satisfaction","customfield_12800","sd-feedback","com.atlassian.servicedesk:sd-request-feedback"
"Innotas Project - RTB and Ops","customfield_11710","option","com.atlassian.jira.plugin.system.customfieldtypes:select"
"Satisfaction date","customfield_12801","datetime","com.atlassian.servicedesk:sd-request-feedback-date"
"Atlassian Project","customfield_22849","atlas-project","com.atlassian.jira.plugin.system.customfieldtypes:atlas-project"
"If applicable, has the BPC approved your procedure for publishing to KEYS?","customfield_16170","option","com.atlassian.jira.plugin.system.customfieldtypes:select"
"Class Type","customfield_16162","string","com.atlassian.jira.plugin.system.customfieldtypes:textfield"
"Is this request an expedited request?","customfield_16161","option","com.atlassian.jira.plugin.system.customfieldtypes:select"
"Contact ID of the call requesting to be retrieved","customfield_16160","string","com.atlassian.jira.plugin.system.customfieldtypes:textfield"
"Frontdoor Learning Support","customfield_16167","option","com.atlassian.jira.plugin.system.customfieldtypes:select"
"KEYS Support","customfield_16166","option","com.atlassian.jira.plugin.system.customfieldtypes:select"
"Instructor","customfield_16165","user","com.atlassian.jira.plugin.system.customfieldtypes:userpicker"
"If applicable, has the team lead for your department/vertical approved this request?","customfield_16169","option","com.atlassian.jira.plugin.system.customfieldtypes:select"
"KEYS Services","customfield_16168","option","com.atlassian.jira.plugin.system.customfieldtypes:select"
"Acceptance Criteria","customfield_10612","string","com.atlassian.jira.plugin.system.customfieldtypes:textarea"
"Innotas Tasks - Projects","customfield_11701","option","com.atlassian.jira.plugin.system.customfieldtypes:select"
"Innotas Project - AHS / SS","customfield_11708","option","com.atlassian.jira.plugin.system.customfieldtypes:select"
"2-10 Application Access","customfield_20654","array","com.atlassian.jira.plugin.system.customfieldtypes:multicheckboxes"
"Will you need to be notified via email when a new ticket is submitted","customfield_16150","option","com.atlassian.jira.plugin.system.customfieldtypes:select"
"Is there an alternative root name?","customfield_16156","string","com.atlassian.jira.plugin.system.customfieldtypes:textfield"
"What is the cost center that will be buying the domain?","customfield_16155","string","com.atlassian.jira.plugin.system.customfieldtypes:textfield"
"What is/are the domain(s) you would like to purchase?","customfield_16154","string","com.atlassian.jira.plugin.system.customfieldtypes:textfield"
"ILINX Batch Profile","customfield_16153","option","com.atlassian.jira.plugin.system.customfieldtypes:select"
"Reach","customfield_17007","number","com.atlassian.jira.plugin.system.customfieldtypes:float"
"Device Types","customfield_16159","option","com.atlassian.jira.plugin.system.customfieldtypes:select"
"Steps to Reproduce","customfield_16158","string","com.atlassian.jira.plugin.system.customfieldtypes:textarea"
"Name of Service Account","customfield_16157","string","com.atlassian.jira.plugin.system.customfieldtypes:textfield"
"What type of class error occured","customfield_16141","string","com.atlassian.jira.plugin.system.customfieldtypes:textfield"
"What service is having problems?","customfield_16140","option","com.atlassian.jira.plugin.system.customfieldtypes:select"
"What was the expected Product result","customfield_16145","string","com.atlassian.jira.plugin.system.customfieldtypes:textarea"
"What was the original Jira requirement ticket","customfield_16144","string","com.atlassian.jira.plugin.system.customfieldtypes:textfield"
"Is the application due-diligence completed","customfield_16143","option","com.atlassian.jira.plugin.system.customfieldtypes:select"
"Final Audience","customfield_18560","string","com.atlassian.jira.plugin.system.customfieldtypes:url"
"Team Lead","customfield_16149","user","com.atlassian.jira.plugin.system.customfieldtypes:userpicker"
"WebOps Request Type","customfield_17238","option","com.atlassian.jira.plugin.system.customfieldtypes:select"
"Create new or update ","customfield_16148","option","com.atlassian.jira.plugin.system.customfieldtypes:select"
"Queue name","customfield_16147","string","com.atlassian.jira.plugin.system.customfieldtypes:textfield"
"Smartsheet Groups","customfield_18327","option","com.atlassian.jira.plugin.system.customfieldtypes:select"
"Total Email Count","customfield_22816","number","com.atlassian.jira.plugin.system.customfieldtypes:float"
"Optimizely Project","customfield_22815","string","com.atlassian.jira.plugin.system.customfieldtypes:textfield"
"Optimizely Platform Access","customfield_22814","option","com.atlassian.jira.plugin.system.customfieldtypes:select"
"I&D Team Members","customfield_21721","array","com.atlassian.jira.plugin.system.customfieldtypes:people"
"Which service is having problems?","customfield_16138","option","com.atlassian.jira.plugin.system.customfieldtypes:select"
"Business Unit/Department","customfield_17469","option","com.atlassian.jira.plugin.system.customfieldtypes:select"
"Final Campaign","customfield_18559","string","com.atlassian.jira.plugin.system.customfieldtypes:url"
"Which service is having problems?","customfield_16137","option","com.atlassian.jira.plugin.system.customfieldtypes:select"
"Screen URL","customfield_16378","string","com.atlassian.jira.plugin.system.customfieldtypes:url"
"Which service is having problems?","customfield_16139","option","com.atlassian.jira.plugin.system.customfieldtypes:select"
"Final Template","customfield_18558","string","com.atlassian.jira.plugin.system.customfieldtypes:url"
"EPM Assigned - Manual Input","customfield_20869","array","com.atlassian.jira.plugin.system.customfieldtypes:people"
"Start Quarter","customfield_20621","array","com.atlassian.jira.plugin.system.customfieldtypes:multicheckboxes"
"Why do you require Message Gears","customfield_16123","string","com.atlassian.jira.plugin.system.customfieldtypes:textfield"
"Do you require Miro access","customfield_16120","option","com.atlassian.jira.plugin.system.customfieldtypes:select"
"Will this service account solely be used for system to system interactions and not 'interactive'?","customfield_16127","option","com.atlassian.jira.plugin.system.customfieldtypes:select"
"Will this service account be restricted based upon function and not require 'super user' access?","customfield_16126","option","com.atlassian.jira.plugin.system.customfieldtypes:select"
"Is this exception related to requesting a generic Security Account","customfield_16125","option","com.atlassian.jira.plugin.system.customfieldtypes:select"
"Employee Number","customfield_16129","string","com.atlassian.jira.plugin.system.customfieldtypes:textfield"
"Will this system account only be used for targeted systems and not unrelated systems?","customfield_16128","option","com.atlassian.jira.plugin.system.customfieldtypes:select"
"Success Metrics","customfield_16592","string","com.atlassian.jira.plugin.system.customfieldtypes:textarea"
"Acceptance Citeria","customfield_16591","string","com.atlassian.jira.plugin.system.customfieldtypes:textarea"
"Business Value Description","customfield_16590","string","com.atlassian.jira.plugin.system.customfieldtypes:textarea"
"Business Owner","customfield_16596","array","com.atlassian.jira.plugin.system.customfieldtypes:people"
"Will this change cause an outage?","customfield_16112","option","com.atlassian.jira.plugin.system.customfieldtypes:select"
"Send Cadence Specification","customfield_16595","string","com.atlassian.jira.plugin.system.customfieldtypes:textarea"
"Who is the Change Coordinator?","customfield_16111","user","com.atlassian.jira.plugin.system.customfieldtypes:userpicker"
"Audience Summary","customfield_16594","string","com.atlassian.jira.plugin.system.customfieldtypes:textarea"
"Partner API Error","customfield_16110","option","com.atlassian.jira.plugin.system.customfieldtypes:select"
"Holdout","customfield_16593","string","com.atlassian.jira.plugin.system.customfieldtypes:textarea"
"Opsgenie Role","customfield_16116","option","com.atlassian.jira.plugin.system.customfieldtypes:select"
"OKR","customfield_16599","option","com.atlassian.jira.plugin.system.customfieldtypes:select"
"If yes, who will be responsible for communicating the outage?","customfield_16115","user","com.atlassian.jira.plugin.system.customfieldtypes:userpicker"
"Campaign Type","customfield_16598","option","com.atlassian.jira.plugin.system.customfieldtypes:select"
"Is the data involved within the scope of PCI?","customfield_16114","option","com.atlassian.jira.plugin.system.customfieldtypes:select"
"Approvers","customfield_16597","array","com.atlassian.jira.plugin.system.customfieldtypes:people"
"Has this change been tested in a pre-production environment? If yes, please attach proof of UAT or associated JIRA records","customfield_16113","option","com.atlassian.jira.plugin.system.customfieldtypes:select"
"Time to review normal change","customfield_16117","sd-servicelevelagreement","com.atlassian.servicedesk:sd-sla-field"
"Request Type","customfield_17670","option","com.atlassian.jira.plugin.system.customfieldtypes:select"
"State","customfield_16585","option","com.atlassian.jira.plugin.system.customfieldtypes:select"
"ProConnect Standalone Roles","customfield_16101","array","com.atlassian.jira.plugin.system.customfieldtypes:multicheckboxes"
"ROI / Justification","customfield_17674","string","com.atlassian.jira.plugin.system.customfieldtypes:textfield"
"Does the ProConnect agent need a standalone role(s)?","customfield_16100","option","com.atlassian.jira.plugin.system.customfieldtypes:select"
"Channel","customfield_17673","array","com.atlassian.jira.plugin.system.customfieldtypes:multicheckboxes"
"Power BI Pro","customfield_16583","option","com.atlassian.jira.plugin.system.customfieldtypes:radiobuttons"
"Target Audience","customfield_17672","array","com.atlassian.jira.plugin.system.customfieldtypes:multicheckboxes"
"Power BI Workspace","customfield_16582","option","com.atlassian.jira.plugin.system.customfieldtypes:radiobuttons"
"Existing Template or MG URL","customfield_17671","string","com.atlassian.jira.plugin.system.customfieldtypes:textfield"
"ProConnect Platform","customfield_16105","array","com.atlassian.jira.plugin.system.customfieldtypes:multicheckboxes"
"Category","customfield_16589","option","com.atlassian.jira.plugin.system.customfieldtypes:jwm-category"
"Estimate (Sprints)","customfield_16588","number","com.atlassian.jira.plugin.system.customfieldtypes:float"
"ProConnect Five9 Role","customfield_16103","option","com.atlassian.jira.plugin.system.customfieldtypes:select"
"QA Scope","customfield_16587","string","com.atlassian.jira.plugin.system.customfieldtypes:textarea"
"Testing Points","customfield_16586","number","com.atlassian.jira.plugin.system.customfieldtypes:float"
"Supporting Documentation","customfield_17675","string","com.atlassian.jira.plugin.system.customfieldtypes:textfield"
"URL/Site Address","customfield_16109","string","com.atlassian.jira.plugin.system.customfieldtypes:textfield"
"Header","customfield_16108","string","com.atlassian.jira.plugin.system.customfieldtypes:textarea"
"Response","customfield_16107","string","com.atlassian.jira.plugin.system.customfieldtypes:textarea"
"Request","customfield_16106","string","com.atlassian.jira.plugin.system.customfieldtypes:textarea"
"Everest Link","customfield_18525","string","com.atlassian.jira.plugin.system.customfieldtypes:url"
"Jira Project Type","customfield_19856","option","com.atlassian.jira.plugin.system.customfieldtypes:select"
"Hardware to be Replaced","customfield_20835","array","com.atlassian.jira.plugin.system.customfieldtypes:multicheckboxes"
"New Hire Hardware Kit","customfield_20836","option","com.atlassian.jira.plugin.system.customfieldtypes:select"
"Type of Hardware Replacement","customfield_20834","option","com.atlassian.jira.plugin.system.customfieldtypes:select"
"Integration Approach","customfield_20272","option","com.atlassian.jira.plugin.system.customfieldtypes:select"
"Requestor's Manager","customfield_15922","user","com.atlassian.jira.plugin.system.customfieldtypes:userpicker"
"Department/Business Area (AHS)","customfield_11314","array","com.atlassian.jira.plugin.system.customfieldtypes:multicheckboxes"
"Recruiter","customfield_14823","option","com.atlassian.jira.plugin.system.customfieldtypes:select"
"Has the application been patched to address security?","customfield_15912","option","com.atlassian.jira.plugin.system.customfieldtypes:radiobuttons"
"Required Artifacts to meet the definition of ready (DOR)","customfield_14824","string","com.atlassian.jira.plugin.system.customfieldtypes:textarea"
"Type of Exception","customfield_15919","option","com.atlassian.jira.plugin.system.customfieldtypes:select"
"Manager (Text)","customfield_20024","string","com.atlassian.jira.plugin.system.customfieldtypes:textfield"
"Direct reports","customfield_20025","option","com.atlassian.jira.plugin.system.customfieldtypes:radiobuttons"
"Access rights based upon role","customfield_15910","option","com.atlassian.jira.plugin.system.customfieldtypes:radiobuttons"
"Service Trades","customfield_14822","array","com.atlassian.jira.plugin.system.customfieldtypes:multiselect"
"Has your custom code (e.g., Lambda, Go-Lang) been scanned?","customfield_15911","option","com.atlassian.jira.plugin.system.customfieldtypes:radiobuttons"
"Website","customfield_14814","string","com.atlassian.jira.plugin.system.customfieldtypes:textfield"
"Will your service be accessed over the Public Internet directly (or Internal)?","customfield_15903","option","com.atlassian.jira.plugin.system.customfieldtypes:radiobuttons"
"Contractor Manager","customfield_14815","option","com.atlassian.jira.plugin.system.customfieldtypes:select"
"Sensitive classification for the data","customfield_15901","array","com.atlassian.jira.plugin.system.customfieldtypes:multicheckboxes"
"Phone number","customfield_14813","string","com.atlassian.jira.plugin.system.customfieldtypes:textfield"
"Is your application front ended by Akamai?","customfield_15907","option","com.atlassian.jira.plugin.system.customfieldtypes:radiobuttons"
"Request Date","customfield_11307","date","com.atlassian.jira.plugin.system.customfieldtypes:datepicker"
"Contrel Rep","customfield_14816","option","com.atlassian.jira.plugin.system.customfieldtypes:select"
"Vendor ID","customfield_14817","string","com.atlassian.jira.plugin.system.customfieldtypes:textfield"
"Kafka Topic Name","customfield_21106","string","com.atlassian.jira.plugin.system.customfieldtypes:textfield"
"Channels and Components: What elements are required, must be included?","customfield_17092","string","com.atlassian.jira.plugin.system.customfieldtypes:textfield"
"Snowflake reactivate","customfield_21587","option","com.atlassian.jira.plugin.system.customfieldtypes:select"
"Technical Priority","customfield_21341","number","com.atlassian.jira.plugin.system.customfieldtypes:float"
"Number of Techs","customfield_14810","number","com.atlassian.jira.plugin.system.customfieldtypes:float"
"Affected services","customfield_15900","array","com.atlassian.jira.plugins.service-entity:service-entity-field-cftype"
"Business Value Description","customfield_11301","string","com.atlassian.jira.plugin.system.customfieldtypes:textarea"
"Address","customfield_14804","string","com.atlassian.jira.plugin.system.customfieldtypes:textarea"
"Expedite","customfield_13712","array","com.atlassian.jira.plugin.system.customfieldtypes:multicheckboxes"
"Related to a PI Objective","customfield_13715","option","com.atlassian.jira.plugin.system.customfieldtypes:select"
"Company","customfield_14802","string","com.atlassian.jira.plugin.system.customfieldtypes:textfield"
"JIRA Epic (Feature) Type","customfield_13714","option","com.atlassian.jira.plugin.system.customfieldtypes:select"
"Service Market (Archive)","customfield_14808","string","com.atlassian.jira.plugin.system.customfieldtypes:textfield"
"Unplanned Sprint Work","customfield_13716","option","com.atlassian.jira.plugin.system.customfieldtypes:select"
"Email Address","customfield_14805","string","com.atlassian.jira.plugin.system.customfieldtypes:textfield"
"Notes","customfield_13718","string","com.atlassian.jira.plugin.system.customfieldtypes:textarea"
"Business Years of Experience","customfield_14809","string","com.atlassian.jira.plugin.system.customfieldtypes:textfield"
"Reference ID - test","customfield_17083","string","com.atlassian.jira.plugin.system.customfieldtypes:readonlyfield"
"Time in Current Status","customfield_17082","any","com.atlassian.jira.ext.charting:timeinstatus"
"[CHART] Time in Status","customfield_17074","any","com.atlassian.jira.ext.charting:timeinstatus"
"[CHART] Date of First Response (migrated)","customfield_17073","datetime","com.atlassian.jira.ext.charting:firstresponsedate"
"KMS Department/Group","customfield_18162","array","com.atlassian.jira.plugin.system.customfieldtypes:multiselect"
"Blocked Reason","customfield_13711","string","com.atlassian.jira.plugin.system.customfieldtypes:textarea"
"Blocked","customfield_13710","array","com.atlassian.jira.plugin.system.customfieldtypes:multicheckboxes"
"Strategic Theme","customfield_13706","string","com.atlassian.jira.plugin.system.customfieldtypes:textarea"
"Tenable Plugin ID","customfield_18397","string","com.atlassian.jira.plugin.system.customfieldtypes:readonlyfield"
"Tenable Plugin Output","customfield_18398","string","com.atlassian.jira.plugin.system.customfieldtypes:textarea"
"Tenable BID","customfield_18399","string","com.atlassian.jira.plugin.system.customfieldtypes:readonlyfield"
"PM Required","customfield_22892","array","com.atlassian.jira.plugin.system.customfieldtypes:multicheckboxes"
"Tenable Severity","customfield_18394","string","com.atlassian.jira.plugin.system.customfieldtypes:readonlyfield"
"Projects","customfield_20472","any","jira.polaris:connection"
"Tenable Source","customfield_18395","string","com.atlassian.jira.plugin.system.customfieldtypes:readonlyfield"
"Tenable State","customfield_18396","string","com.atlassian.jira.plugin.system.customfieldtypes:readonlyfield"
"Innotas Project - BSC","customfield_12602","option","com.atlassian.jira.plugin.system.customfieldtypes:select"
"Intake Status","customfield_22883","array","com.atlassian.jira.plugin.system.customfieldtypes:multicheckboxes"
"Data column / attribute / field","customfield_21308","string","com.atlassian.jira.plugin.system.customfieldtypes:textfield"
"What type of training service is needed?","customfield_16194","option","com.atlassian.jira.plugin.system.customfieldtypes:select"
"What level of Figma access are you requesting?","customfield_17040","option","com.atlassian.jira.plugin.system.customfieldtypes:select"
"Do you require Keeper access?","customfield_16193","option","com.atlassian.jira.plugin.system.customfieldtypes:select"
"Keeper Groups","customfield_16199","option","com.atlassian.jira.plugin.system.customfieldtypes:select"
"Confluence Space Type","customfield_16198","option","com.atlassian.jira.plugin.system.customfieldtypes:select"
"What equipment is being returned?","customfield_16197","array","com.atlassian.jira.plugin.system.customfieldtypes:multicheckboxes"
"2-10 Synergy - Contracts","customfield_20204","number","jira.polaris:boolean"
"Dispatch ID","customfield_16192","string","com.atlassian.jira.plugin.system.customfieldtypes:textfield"
"Strategic Priority","customfield_20202","array","com.atlassian.jira.plugin.system.customfieldtypes:multicheckboxes"
"Contractor Relations Technology","customfield_16190","option","com.atlassian.jira.plugin.system.customfieldtypes:select"
"Type of Work","customfield_20203","array","com.atlassian.jira.plugin.system.customfieldtypes:multicheckboxes"
"Is this role for a specific candidate?","customfield_20687","option","com.atlassian.jira.plugin.system.customfieldtypes:select"
"Data in Use","customfield_17274","array","com.atlassian.jira.plugin.system.customfieldtypes:multicheckboxes"
"Score","customfield_20200","number","jira.polaris:formula"
"AI Model","customfield_17273","option","com.atlassian.jira.plugin.system.customfieldtypes:select"
"Design file","customfield_20201","string","com.atlassian.jira.plugin.system.customfieldtypes:url"
"Partner Funnel","customfield_16183","string","com.atlassian.jira.plugin.system.customfieldtypes:textfield"
"Problem Statement","customfield_17271","string","com.atlassian.jira.plugin.system.customfieldtypes:textfield"
"Is there an issue in the main sales funnel (shopping.ahs.com/plans) or a partner funnel?","customfield_16182","option","com.atlassian.jira.plugin.system.customfieldtypes:select"
"AI Use Case","customfield_17278","option","com.atlassian.jira.plugin.system.customfieldtypes:select"
"Service Desk Contributors","customfield_18360","array","com.atlassian.jira.plugin.system.customfieldtypes:multiuserpicker"
"Warranty Manager Access","customfield_16189","array","com.atlassian.jira.plugin.system.customfieldtypes:multicheckboxes"
"Specific AI Use Case","customfield_17277","option","com.atlassian.jira.plugin.system.customfieldtypes:select"
"Use by Others in Team","customfield_17275","option","com.atlassian.jira.plugin.system.customfieldtypes:radiobuttons"
"Would you like to ONLY unlock the Star account without changing the password or unlock AND reset the Star password?","customfield_16186","option","com.atlassian.jira.plugin.system.customfieldtypes:radiobuttons"
"RELOPS Brand","customfield_20437","option","com.atlassian.jira.plugin.system.customfieldtypes:select"
"Is there a bad link?","customfield_16181","option","com.atlassian.jira.plugin.system.customfieldtypes:select"
"Are emails not sending?","customfield_16180","option","com.atlassian.jira.plugin.system.customfieldtypes:select"
"What level of RunZero access are you requesting?","customfield_16974","option","com.atlassian.jira.plugin.system.customfieldtypes:select"
"Target start","customfield_15400","date","com.atlassian.jpo:jpo-custom-field-baseline-start"
"Which Aceyus access is needed?","customfield_15643","option","com.atlassian.jira.plugin.system.customfieldtypes:select"
"Target end","customfield_15401","date","com.atlassian.jpo:jpo-custom-field-baseline-end"
"Select Type of Request","customfield_15885","option","com.atlassian.jira.plugin.system.customfieldtypes:select"
"Employee Name","customfield_15640","string","com.atlassian.jira.plugin.system.customfieldtypes:textfield"
"Name of Group(s)","customfield_15646","string","com.atlassian.jira.plugin.system.customfieldtypes:textarea"
"Data Type","customfield_15879","option","com.atlassian.jira.plugin.system.customfieldtypes:select"
"Project Phase","customfield_21073","option","com.atlassian.jira.plugin.system.customfieldtypes:select"
"Platform","customfield_15632","array","com.atlassian.jira.plugin.system.customfieldtypes:multiselect"
"Request language","customfield_15630","sd-request-lang","com.atlassian.servicedesk.servicedesk-lingo-integration-plugin:sd-request-language"
"Contract ID","customfield_15635","string","com.atlassian.jira.plugin.system.customfieldtypes:textfield"
"Browser","customfield_15636","array","com.atlassian.jira.plugin.system.customfieldtypes:multiselect"
"Implemented By","customfield_15633","user","com.atlassian.jira.plugin.system.customfieldtypes:userpicker"
"Schedule Type","customfield_15875","option","com.atlassian.jira.plugin.system.customfieldtypes:select"
"Time to close after resolution","customfield_15628","sd-servicelevelagreement","com.atlassian.servicedesk:sd-sla-field"
"Time to approve normal change","customfield_15629","sd-servicelevelagreement","com.atlassian.servicedesk:sd-sla-field"
"CAB","customfield_15626","array","com.atlassian.jira.plugin.system.customfieldtypes:multiuserpicker"
"Time to first response","customfield_15627","sd-servicelevelagreement","com.atlassian.servicedesk:sd-sla-field"
"Work item created forms","customfield_23001","array","com.atlassian.jira.plugins.proforma-managed-fields:proforma-forms-field-cftype"
"CCP Connect Issue Type","customfield_23000","option-with-child","com.atlassian.jira.plugin.system.customfieldtypes:cascadingselect"
"Specify OS type","customfield_15862","option","com.atlassian.jira.plugin.system.customfieldtypes:select"
"Source","customfield_15620","option","com.atlassian.jira.plugin.system.customfieldtypes:select"
"Size","customfield_15863","option","com.atlassian.jira.plugin.system.customfieldtypes:select"
"Pending reason","customfield_15621","option","com.atlassian.jira.plugin.system.customfieldtypes:select"
"How are you logging into Jedox?","customfield_15860","option","com.atlassian.jira.plugin.system.customfieldtypes:select"
"Workaround","customfield_15624","string","com.atlassian.jira.plugin.system.customfieldtypes:textarea"
"Change managers","customfield_15625","array","com.atlassian.jira.plugin.system.customfieldtypes:multiuserpicker"
"Storage Requirements (for user drive)","customfield_15864","option","com.atlassian.jira.plugin.system.customfieldtypes:select"
"Investigation reason","customfield_15622","option","com.atlassian.jira.plugin.system.customfieldtypes:select"
"Which call routing are you needing?","customfield_15865","option","com.atlassian.jira.plugin.system.customfieldtypes:select"
"End date","customfield_13204","date","com.atlassian.jira.plugin.system.customfieldtypes:datepicker"
"Root cause","customfield_15623","string","com.atlassian.jira.plugin.system.customfieldtypes:textarea"
"Urgency","customfield_15617","option","com.atlassian.jira.plugin.system.customfieldtypes:select"
"Product categorization","customfield_15618","option-with-child","com.atlassian.jira.plugin.system.customfieldtypes:cascadingselect"
"Date Vendor ID Added","customfield_15616","date","com.atlassian.jira.plugin.system.customfieldtypes:datepicker"
"Operational categorization","customfield_15619","option-with-child","com.atlassian.jira.plugin.system.customfieldtypes:cascadingselect"
"Mobile Device Type","customfield_16941","option","com.atlassian.jira.plugin.system.customfieldtypes:select"
"Issue color","customfield_15610","string","com.pyxis.greenhopper.jira:jsw-issue-color"
"Mail Device Shipping Kit","customfield_15850","array","com.atlassian.jira.plugin.system.customfieldtypes:multicheckboxes"
"[CHART] Date of First Response","customfield_15611","datetime","com.atlassian.jira.ext.charting:firstresponsedate"
"Mobile Network Type","customfield_16943","option","com.atlassian.jira.plugin.system.customfieldtypes:select"
"App Version","customfield_16942","string","com.atlassian.jira.plugin.system.customfieldtypes:textfield"
"Change start date and time","customfield_15606","datetime","com.atlassian.jira.plugin.system.customfieldtypes:datetime"
"Change end date and time","customfield_15607","datetime","com.atlassian.jira.plugin.system.customfieldtypes:datetime"
"Change risk","customfield_15604","option","com.atlassian.jira.plugin.system.customfieldtypes:select"
"Change reason","customfield_15605","option","com.atlassian.jira.plugin.system.customfieldtypes:select"
"Start date","customfield_15608","date","com.atlassian.jira.plugin.system.customfieldtypes:datepicker"
"Story point estimate","customfield_15609","number","com.pyxis.greenhopper.jira:jsw-story-points"
"Progress State","customfield_20198","option","com.atlassian.jira.plugin.system.customfieldtypes:select"
"Impact","customfield_20199","number","jira.polaris:rating"
"Documents","customfield_20196","string","com.atlassian.jira.plugin.system.customfieldtypes:url"
"Project start","customfield_20197","string","jira.polaris:interval"
"High Level LOE","customfield_20194","number","jira.polaris:rating"
"Idea short description","customfield_20195","string","com.atlassian.jira.plugin.system.customfieldtypes:textfield"
"Project target","customfield_20192","string","jira.polaris:interval"
"Roadmap Timing","customfield_20193","option","com.atlassian.jira.plugin.system.customfieldtypes:select"
"Impact","customfield_15602","option","com.atlassian.jira.plugin.system.customfieldtypes:select"
"Change type","customfield_15603","option","com.atlassian.jira.plugin.system.customfieldtypes:select"
"Development","customfield_15600","any","com.atlassian.jira.plugins.jira-development-integration-plugin:devsummarycf"
"Approvers","customfield_15601","array","com.atlassian.jira.plugin.system.customfieldtypes:multiuserpicker"
"EPM assignment","customfield_21275","array","com.atlassian.jira.plugin.system.customfieldtypes:people"
"Organizations","customfield_14500","array","com.atlassian.servicedesk:sd-customer-organizations"
"Approvals","customfield_14501","sd-approvals","com.atlassian.servicedesk.approvals-plugin:sd-approvals"
"Approvers","customfield_18096","array","com.atlassian.jira.plugin.system.customfieldtypes:servicedesk-approvers-list"
"Replace Equipment","customfield_15815","array","com.atlassian.jira.plugin.system.customfieldtypes:multicheckboxes"
"Computer Type","customfield_15816","array","com.atlassian.jira.plugin.system.customfieldtypes:multicheckboxes"
"Which Jedox access group do you need?","customfield_15808","option","com.atlassian.jira.plugin.system.customfieldtypes:select"
"DR Strategic Directive","customfield_21007","option","com.atlassian.jira.plugin.system.customfieldtypes:select"
"DR Integration Required","customfield_21006","array","com.atlassian.jira.plugin.system.customfieldtypes:multicheckboxes"
"DR Infrastructure Type","customfield_21005","option","com.atlassian.jira.plugin.system.customfieldtypes:select"
"Technical Notes","customfield_15000","string","com.atlassian.jira.plugin.system.customfieldtypes:textarea"
"Single-Line Description","customfield_16578","string","com.atlassian.jira.plugin.system.customfieldtypes:textfield"
"Are you reporting an issue or bug?","customfield_17667","option","com.atlassian.jira.plugin.system.customfieldtypes:select"
"Webhook URL","customfield_16333","string","com.atlassian.jira.plugin.system.customfieldtypes:textfield"
"Expected Results","customfield_17669","string","com.atlassian.jira.plugin.system.customfieldtypes:textarea"
"Vertical","customfield_18756","option","com.atlassian.jira.plugin.system.customfieldtypes:select"
"Current Results","customfield_17668","string","com.atlassian.jira.plugin.system.customfieldtypes:textarea"
"WSJF","customfield_16563","number","com.atlassian.jira.plugin.system.customfieldtypes:float"
"Job Size","customfield_16562","number","com.atlassian.jira.plugin.system.customfieldtypes:float"
"Snowflake Environment","customfield_16320","option","com.atlassian.jira.plugin.system.customfieldtypes:radiobuttons"
"Cost of Delay","customfield_16561","number","com.atlassian.jira.plugin.system.customfieldtypes:float"
"RR OE","customfield_16560","number","com.atlassian.jira.plugin.system.customfieldtypes:float"
"Total forms","customfield_16567","number","com.atlassian.jira.plugins.proforma-managed-fields:forms-total-field-cftype"
"Locked forms","customfield_16566","number","com.atlassian.jira.plugins.proforma-managed-fields:forms-locked-field-cftype"
"Submitted forms","customfield_16565","number","com.atlassian.jira.plugins.proforma-managed-fields:forms-submitted-field-cftype"
"Open forms","customfield_16564","number","com.atlassian.jira.plugins.proforma-managed-fields:forms-open-field-cftype"
"Was this for a Real Estate or Direct to Consumer?","customfield_16329","option","com.atlassian.jira.plugin.system.customfieldtypes:radiobuttons"
"Impact Areas","customfield_16568","string","com.atlassian.jira.plugin.system.customfieldtypes:textarea"
"Director","customfield_16319","user","com.atlassian.jira.plugin.system.customfieldtypes:userpicker"
"What GitLab Project permissions do you need?","customfield_16314","option","com.atlassian.jira.plugin.system.customfieldtypes:select"
"What GitLab permissions do you need?","customfield_16313","option","com.atlassian.jira.plugin.system.customfieldtypes:select"
"Email Forwarding","customfield_16312","option","com.atlassian.jira.plugin.system.customfieldtypes:select"
"Responders","customfield_16311","array","com.atlassian.jira.modules.servicemanagement.responders-entity:responders-entity-field-cftype"
"PII Access","customfield_16318","array","com.atlassian.jira.plugin.system.customfieldtypes:multicheckboxes"
"Criticality","customfield_16559","number","com.atlassian.jira.plugin.system.customfieldtypes:float"
"What is your business group?","customfield_16317","option","com.atlassian.jira.plugin.system.customfieldtypes:select"
"Value","customfield_16558","number","com.atlassian.jira.plugin.system.customfieldtypes:float"
"Brand","customfield_19823","array","com.atlassian.jira.plugin.system.customfieldtypes:multicheckboxes"
"Secure Viewers","customfield_16315","array","com.atlassian.jira.plugin.system.customfieldtypes:multiuserpicker"
"Submission Date","customfield_20800","datetime","com.atlassian.jira.plugin.system.customfieldtypes:datetime"
"Executive Sponser","customfield_20801","array","com.atlassian.jira.plugin.system.customfieldtypes:people"
"Add to Queue","customfield_16541","option","com.atlassian.jira.plugin.system.customfieldtypes:select"
"RCA Decision","customfield_16540","option","com.atlassian.jira.plugin.system.customfieldtypes:select"
"What type of connection do you need for this CyberArk request?","customfield_15691","array","com.atlassian.jira.plugin.system.customfieldtypes:multicheckboxes"
"Test","customfield_17634","string","com.atlassian.jira.plugin.system.customfieldtypes:textarea"
"Approver groups","customfield_16303","array","com.atlassian.jira.plugin.system.customfieldtypes:multigrouppicker"
"Looker Role","customfield_15697","option","com.atlassian.jira.plugin.system.customfieldtypes:select"
"Publication date","customfield_16302","date","com.atlassian.jira.plugin.system.customfieldtypes:datepicker"
"Content type","customfield_16301","string","com.atlassian.jira.plugin.system.customfieldtypes:textfield"
"Gitlab MacOS","customfield_16543","array","com.atlassian.jira.plugin.system.customfieldtypes:multicheckboxes"
"Environment","customfield_15696","option","com.atlassian.jira.plugin.system.customfieldtypes:select"
"Preferred First Name","customfield_16542","string","com.atlassian.jira.plugin.system.customfieldtypes:textfield"
"Incident Resolved","customfield_17636","option","com.atlassian.jira.plugin.system.customfieldtypes:select"
"Incident Reason","customfield_17635","array","com.atlassian.jira.plugin.system.customfieldtypes:labels"
"Key Objective","customfield_16304","string","com.atlassian.jira.plugin.system.customfieldtypes:textfield"
"Preventative Measure","customfield_16539","string","com.atlassian.jira.plugin.system.customfieldtypes:textarea"
"Resolution Analysis","customfield_16538","string","com.atlassian.jira.plugin.system.customfieldtypes:textarea"
"Impact Analysis","customfield_16537","string","com.atlassian.jira.plugin.system.customfieldtypes:textarea"
"For which Unix/Linux server(s)?","customfield_15671","array","com.atlassian.jira.plugin.system.customfieldtypes:multicheckboxes"
"URL","customfield_16761","string","com.atlassian.jira.plugin.system.customfieldtypes:url"
"What primary Vista group is needed?","customfield_15672","option","com.atlassian.jira.plugin.system.customfieldtypes:select"
"Resourcing Team","customfield_16760","array","com.atlassian.jira.plugin.system.customfieldtypes:multicheckboxes"
"Begin Date","customfield_16765","datetime","com.atlassian.jira.plugin.system.customfieldtypes:datetime"
"Feature Flag","customfield_16763","string","com.atlassian.jira.plugin.system.customfieldtypes:textfield"
"Code is toggled off?","customfield_14100","option","com.atlassian.jira.plugin.system.customfieldtypes:radiobuttons"
"What secondary Vista group(s) are needed?","customfield_15673","array","com.atlassian.jira.plugin.system.customfieldtypes:multicheckboxes"
"Description of Issue","customfield_16762","string","com.atlassian.jira.plugin.system.customfieldtypes:textarea"
"Toggle Description","customfield_14101","string","com.atlassian.jira.plugin.system.customfieldtypes:textarea"
"Vulnerability","customfield_16769","any","com.atlassian.jira.plugins.jira-development-integration-plugin:vulnerabilitycf"
"Risk Treatment Method(s)","customfield_16768","array","com.atlassian.jira.plugin.system.customfieldtypes:multiselect"
"Evidence Controls","customfield_16767","string","com.atlassian.jira.plugin.system.customfieldtypes:textarea"
"Design","customfield_16759","array","com.atlassian.jira.plugins.jira-development-integration-plugin:designcf"
"ICE Score","customfield_16757","number","jira.polaris:formula"
"Score","customfield_16756","number","jira.polaris:formula"
"Insights impact","customfield_16755","number","jira.polaris:formula"
"Device Network ID","customfield_16508","string","com.atlassian.jira.plugin.system.customfieldtypes:readonlyfield"
"Device DNS Name","customfield_16507","string","com.atlassian.jira.plugin.system.customfieldtypes:readonlyfield"
"JDE Roles","customfield_15659","option","com.atlassian.jira.plugin.system.customfieldtypes:select"
"Device NetBIOS Name","customfield_16506","string","com.atlassian.jira.plugin.system.customfieldtypes:readonlyfield"
"Device MAC Addresses","customfield_16502","string","com.atlassian.jira.plugin.system.customfieldtypes:readonlyfield"
"What mobile liability are you requesting to transfer from the corporate account to a personal account?","customfield_15898","option","com.atlassian.jira.plugin.system.customfieldtypes:select"
"Who is submitting the form?","customfield_20794","array","com.atlassian.jira.plugin.system.customfieldtypes:people"
"Other access rights enforcement","customfield_16053","string","com.atlassian.jira.plugin.system.customfieldtypes:textfield"
"Project Name","customfield_20795","string","com.atlassian.jira.plugin.system.customfieldtypes:textfield"
"Is Frontdoor data shared with the vendor?","customfield_16294","option","com.atlassian.jira.plugin.system.customfieldtypes:select"
"Other","customfield_16052","string","com.atlassian.jira.plugin.system.customfieldtypes:textfield"
"Are any network connections or technology resources allocated for the vendor?","customfield_16293","option","com.atlassian.jira.plugin.system.customfieldtypes:select"
"What happens if the app/service data is missing, deleted, or currently unreachable?","customfield_16051","option","com.atlassian.jira.plugin.system.customfieldtypes:select"
"Include Frontdoor system names and access type","customfield_16292","string","com.atlassian.jira.plugin.system.customfieldtypes:textfield"
"What happens if the app/service data is incorrect, misleading, website defaced, etc.?","customfield_16050","option","com.atlassian.jira.plugin.system.customfieldtypes:select"
"Other audit log storage","customfield_16057","string","com.atlassian.jira.plugin.system.customfieldtypes:textfield"
"Other secrets storage","customfield_16056","string","com.atlassian.jira.plugin.system.customfieldtypes:textfield"
"Customer or Prospect","customfield_17145","string","com.atlassian.jira.plugin.system.customfieldtypes:textfield"
"Customer, Prospect, Competitor Name","customfield_17144","array","com.atlassian.jira.plugin.system.customfieldtypes:labels"
"Other datastore communication","customfield_16055","string","com.atlassian.jira.plugin.system.customfieldtypes:textfield"
"Other Distributed Denial of Service attack mitigation","customfield_16054","string","com.atlassian.jira.plugin.system.customfieldtypes:textfield"
"Characterization of the information: What information is collected and maintained in the system?","customfield_16059","string","com.atlassian.jira.plugin.system.customfieldtypes:textfield"
"Other datastore encryption options","customfield_16058","string","com.atlassian.jira.plugin.system.customfieldtypes:textfield"
"Does the vendor require access to Frontdoor systems?","customfield_16291","option","com.atlassian.jira.plugin.system.customfieldtypes:select"
"Is this for a new security group to be created?","customfield_16290","option","com.atlassian.jira.plugin.system.customfieldtypes:select"
"2-10 Job Family and Title","customfield_22965","option-with-child","com.atlassian.jira.plugin.system.customfieldtypes:cascadingselect"
"Completion Date","customfield_22964","date","com.atlassian.jira.plugin.system.customfieldtypes:datepicker"
"Stakeholder Approval","customfield_22963","array","com.atlassian.jira.plugin.system.customfieldtypes:servicedesk-approvers-list"
"What mailbox update is required?","customfield_16284","option","com.atlassian.jira.plugin.system.customfieldtypes:select"
"Would you like to receive alerts?","customfield_16042","option","com.atlassian.jira.plugin.system.customfieldtypes:select"
"Approver","customfield_22962","array","com.atlassian.jira.plugin.system.customfieldtypes:people"
"Key","customfield_16041","string","com.atlassian.jira.plugin.system.customfieldtypes:textfield"
"What FusionAuth access do you require?","customfield_16282","option","com.atlassian.jira.plugin.system.customfieldtypes:select"
"Priority","customfield_22960","option","com.atlassian.jira.plugin.system.customfieldtypes:select"
"Destination File Type","customfield_16040","string","com.atlassian.jira.plugin.system.customfieldtypes:textfield"
"What Campaign Service role do you need?","customfield_16281","option","com.atlassian.jira.plugin.system.customfieldtypes:select"
"Line of Business (LOB)","customfield_17370","option","com.atlassian.jira.plugin.system.customfieldtypes:select"
"test","customfield_16288","string","com.atlassian.jira.plugin.system.customfieldtypes:textarea"
"Did the interface process?","customfield_16046","option","com.atlassian.jira.plugin.system.customfieldtypes:select"
"Please select which One Time Payment","customfield_16287","option","com.atlassian.jira.plugin.system.customfieldtypes:select"
"Do you have an issue related to an Interface?","customfield_16045","option","com.atlassian.jira.plugin.system.customfieldtypes:select"
"What is the Requisition Number?","customfield_16286","option","com.atlassian.jira.plugin.system.customfieldtypes:select"
"Are you receiving an error message","customfield_16044","option","com.atlassian.jira.plugin.system.customfieldtypes:select"
"temp date","customfield_16285","date","com.atlassian.jira.plugin.system.customfieldtypes:datepicker"
"Are you able to login?","customfield_16043","option","com.atlassian.jira.plugin.system.customfieldtypes:select"
"What happens if the app/service data is disclosed to the world?","customfield_16049","option","com.atlassian.jira.plugin.system.customfieldtypes:select"
"Did you receive a 'User Not Authorized' error?","customfield_16048","option","com.atlassian.jira.plugin.system.customfieldtypes:select"
"Does the contractor have Frontdoor supplied Equipment","customfield_16289","option","com.atlassian.jira.plugin.system.customfieldtypes:select"
"Are you having issues running a report?","customfield_16047","option","com.atlassian.jira.plugin.system.customfieldtypes:select"
"Focus Areas","customfield_18228","array","com.atlassian.jira.plugin.system.customfieldtypes:focus-areas"
"Current Tenant for Configuration","customfield_22958","option","com.atlassian.jira.plugin.system.customfieldtypes:select"
"Type of Splunk Access","customfield_16280","option","com.atlassian.jira.plugin.system.customfieldtypes:select"
"Citrix Groups","customfield_16031","option","com.atlassian.jira.plugin.system.customfieldtypes:select"
"Add or remove user","customfield_21620","option","com.atlassian.jira.plugin.system.customfieldtypes:select"
"Employee ID","customfield_16270","string","com.atlassian.jira.plugin.system.customfieldtypes:textfield"
"Source FTP Type","customfield_16035","option","com.atlassian.jira.plugin.system.customfieldtypes:select"
"Destination FTP File Path","customfield_16039","string","com.atlassian.jira.plugin.system.customfieldtypes:textfield"
"File Type","customfield_16038","string","com.atlassian.jira.plugin.system.customfieldtypes:textfield"
"Can the file be removed from source after it is copied?","customfield_16037","option","com.atlassian.jira.plugin.system.customfieldtypes:select"
"Destination FTP Type","customfield_16036","option","com.atlassian.jira.plugin.system.customfieldtypes:select"
"AWS Environment","customfield_18459","option","com.atlassian.jira.plugin.system.customfieldtypes:select"
"Release Train","customfield_12900","option","com.atlassian.jira.plugin.system.customfieldtypes:select"
"Product Area","customfield_20521","array","com.atlassian.jira.plugin.system.customfieldtypes:multicheckboxes"
"Are you able to get to any other website?","customfield_16020","option","com.atlassian.jira.plugin.system.customfieldtypes:select"
"Previous Qtr Priority","customfield_20761","number","com.atlassian.jira.plugin.system.customfieldtypes:float"
"RICE score","customfield_20520","number","jira.polaris:formula"
"Order Number","customfield_16024","string","com.atlassian.jira.plugin.system.customfieldtypes:textfield"
"What kind of CSC issue","customfield_16266","option","com.atlassian.jira.plugin.system.customfieldtypes:select"
"Receiver Phone Number","customfield_16023","string","com.atlassian.jira.plugin.system.customfieldtypes:textfield"
"What area of CSC is not working properly?","customfield_16265","option","com.atlassian.jira.plugin.system.customfieldtypes:select"
"Is the number calls will be forwarded to an internal company number?","customfield_16022","option","com.atlassian.jira.plugin.system.customfieldtypes:select"
"Has it ever worked before?","customfield_16021","option","com.atlassian.jira.plugin.system.customfieldtypes:select"
"What JDE system and interface?","customfield_16028","option-with-child","com.atlassian.jira.plugin.system.customfieldtypes:cascadingselect"
"What type of leave","customfield_16269","option","com.atlassian.jira.plugin.system.customfieldtypes:select"
"Is this for multiple associates?","customfield_16268","option","com.atlassian.jira.plugin.system.customfieldtypes:select"
"What issue(s) are you having with Jedox?","customfield_16026","array","com.atlassian.jira.plugin.system.customfieldtypes:multicheckboxes"
"What JDE module are you having problems with?","customfield_16025","option","com.atlassian.jira.plugin.system.customfieldtypes:select"
"HR BP/TVL Advanced Workday Support","customfield_16267","option","com.atlassian.jira.plugin.system.customfieldtypes:select"
"Job ID","customfield_16029","string","com.atlassian.jira.plugin.system.customfieldtypes:textfield"
"Confidence","customfield_20518","number","jira.polaris:slider"
"Documents","customfield_20519","string","com.atlassian.jira.plugin.system.customfieldtypes:url"
"Effort","customfield_20516","number","jira.polaris:rating"
"Idea short description","customfield_20517","string","com.atlassian.jira.plugin.system.customfieldtypes:textfield"
"Category","customfield_20514","option","com.atlassian.jira.plugin.system.customfieldtypes:select"
"Value","customfield_20515","number","jira.polaris:rating"
"Project start","customfield_20512","string","jira.polaris:interval"
"Project target","customfield_20513","string","jira.polaris:interval"
"Spec ready","customfield_20510","number","jira.polaris:boolean"
"Designs ready","customfield_20511","number","jira.polaris:boolean"
"Are you requesting LucidChart or Lucid Spark?","customfield_16255","option","com.atlassian.jira.plugin.system.customfieldtypes:select"
"Cube/Desk/Room Number","customfield_16012","string","com.atlassian.jira.plugin.system.customfieldtypes:textfield"
"Can you perform your core job functions?","customfield_16011","option","com.atlassian.jira.plugin.system.customfieldtypes:select"
"Acceptance Criteria (migrated)","customfield_17100","string","com.atlassian.jira.plugin.system.customfieldtypes:textarea"
"Patch Publication Date","customfield_16494","string","com.atlassian.jira.plugin.system.customfieldtypes:readonlyfield"
"Office Location","customfield_16010","string","com.atlassian.jira.plugin.system.customfieldtypes:textarea"
"Is email working on the device?","customfield_16017","option","com.atlassian.jira.plugin.system.customfieldtypes:select"
"Product Classification","customfield_17106","option","com.atlassian.jira.plugin.system.customfieldtypes:radiobuttons"
"Receiver","customfield_16016","string","com.atlassian.jira.plugin.system.customfieldtypes:textfield"
"Sender","customfield_16015","string","com.atlassian.jira.plugin.system.customfieldtypes:textfield"
"Finding Severity","customfield_16499","string","com.atlassian.jira.plugin.system.customfieldtypes:readonlyfield"
"Is this working for anyone else?","customfield_16014","option","com.atlassian.jira.plugin.system.customfieldtypes:select"
"Can you access your email using the link below?","customfield_16018","option","com.atlassian.jira.plugin.system.customfieldtypes:select"
"Customer segments","customfield_20509","array","com.atlassian.jira.plugin.system.customfieldtypes:multicheckboxes"
"Roadmap","customfield_20507","option","com.atlassian.jira.plugin.system.customfieldtypes:select"
"Reach","customfield_20508","number","jira.polaris:rating"
"Impact","customfield_20505","number","jira.polaris:rating"
"Theme","customfield_20506","array","com.atlassian.jira.plugin.system.customfieldtypes:multicheckboxes"
"Security or Compliance Risk","customfield_22925","array","com.atlassian.jira.plugin.system.customfieldtypes:multicheckboxes"
"Atlassian project","customfield_17571","string","jira.polaris:atlassian-project"
"Tenable NetBIOS Name","customfield_18420","string","com.atlassian.jira.plugin.system.customfieldtypes:readonlyfield"
"Idea archived on","customfield_17570","datetime","com.atlassian.jira.plugin.system.customfieldtypes:datetime"
"Tenable Operating System","customfield_18421","string","com.atlassian.jira.plugin.system.customfieldtypes:readonlyfield"
"Tenable Port","customfield_18422","string","com.atlassian.jira.plugin.system.customfieldtypes:readonlyfield"
"Queue Groups","customfield_16486","array","com.atlassian.jira.plugin.system.customfieldtypes:multigrouppicker"
"Linked items","customfield_17575","number","jira.polaris:count-linked-issues"
"What role is the requested user?","customfield_16001","option","com.atlassian.jira.plugin.system.customfieldtypes:select"
"MongoDB Environment (single)","customfield_16485","option","com.atlassian.jira.plugin.system.customfieldtypes:select"
"Comments","customfield_17574","number","jira.polaris:count-issue-comments"
"Insights","customfield_17573","number","jira.polaris:count-insights"
"New Hire/Re-Hire","customfield_19990","option","com.atlassian.jira.plugin.system.customfieldtypes:radiobuttons"
"Atlassian project status","customfield_17572","string","jira.polaris:atlassian-project-status"
"Job code","customfield_19991","string","com.atlassian.jira.plugin.system.customfieldtypes:textfield"
"BPO Company Name","customfield_17337","option","com.atlassian.jira.plugin.system.customfieldtypes:select"
"Production/Staging/Testing/Training Environment","customfield_16004","option","com.atlassian.jira.plugin.system.customfieldtypes:select"
"Delivery status","customfield_17577","string","jira.polaris:delivery-status"
"Paymentus Access","customfield_16487","option","com.atlassian.jira.plugin.system.customfieldtypes:select"
"Do you need access or a password reset?","customfield_16003","option-with-child","com.atlassian.jira.plugin.system.customfieldtypes:cascadingselect"
"Delivery progress","customfield_17576","string","jira.polaris:delivery-progress"
"Tenable Protocol","customfield_18423","string","com.atlassian.jira.plugin.system.customfieldtypes:readonlyfield"
"Do you have a company-provided chair to return?","customfield_16009","option","com.atlassian.jira.plugin.system.customfieldtypes:select"
"Tenable Service","customfield_18424","string","com.atlassian.jira.plugin.system.customfieldtypes:readonlyfield"
"What area of Sales Central are you reporting on?","customfield_16008","option","com.atlassian.jira.plugin.system.customfieldtypes:select"
"Tenable First Found","customfield_18425","string","com.atlassian.jira.plugin.system.customfieldtypes:readonlyfield"
"Tenable Last Fixed","customfield_18426","string","com.atlassian.jira.plugin.system.customfieldtypes:readonlyfield"
"Select YES or No, this project will/might need legal review","customfield_20970","array","com.atlassian.jira.plugin.system.customfieldtypes:multicheckboxes"
"Tenable VPR Score","customfield_18410","number","com.atlassian.jira.plugin.system.customfieldtypes:float"
"Tenable Exploitability Ease","customfield_18411","string","com.atlassian.jira.plugin.system.customfieldtypes:readonlyfield"
"Tenable Asset UUID","customfield_18416","string","com.atlassian.jira.plugin.system.customfieldtypes:readonlyfield"
"Idea archived","customfield_17568","option","com.atlassian.jira.plugin.system.customfieldtypes:select"
"Tenable IPv4","customfield_18417","string","com.atlassian.jira.plugin.system.customfieldtypes:readonlyfield"
"Tenable IPv6","customfield_18418","string","com.atlassian.jira.plugin.system.customfieldtypes:readonlyfield"
"Tenable MAC Address","customfield_18419","string","com.atlassian.jira.plugin.system.customfieldtypes:readonlyfield"
"Tenable Agent UUID","customfield_18412","string","com.atlassian.jira.plugin.system.customfieldtypes:readonlyfield"
"Tenable Device Type","customfield_18413","string","com.atlassian.jira.plugin.system.customfieldtypes:readonlyfield"
"Tenable FQDN","customfield_18414","string","com.atlassian.jira.plugin.system.customfieldtypes:readonlyfield"
"Idea archived by","customfield_17569","array","com.atlassian.jira.plugin.system.customfieldtypes:people"
"Tenable Hostname","customfield_18415","string","com.atlassian.jira.plugin.system.customfieldtypes:readonlyfield"
"Tenable Short Description","customfield_18409","string","com.atlassian.jira.plugin.system.customfieldtypes:readonlyfield"
"SC Urgency","customfield_16460","option","com.atlassian.jira.plugin.system.customfieldtypes:select"
"Tenable CVE","customfield_18400","string","com.atlassian.jira.plugin.system.customfieldtypes:readonlyfield"
"Employment Type","customfield_16464","option","com.atlassian.jira.plugin.system.customfieldtypes:select"
"Vista Plus Support Type","customfield_16463","option","com.atlassian.jira.plugin.system.customfieldtypes:select"
"KEYS Type","customfield_16462","option","com.atlassian.jira.plugin.system.customfieldtypes:select"
"SC Impact","customfield_16461","option","com.atlassian.jira.plugin.system.customfieldtypes:select"
"Tenable Plugin Family","customfield_18405","string","com.atlassian.jira.plugin.system.customfieldtypes:readonlyfield"
"MS Copilot Issue Type","customfield_17799","option","com.atlassian.jira.plugin.system.customfieldtypes:select"
"Tenable MS Bulletin","customfield_18406","string","com.atlassian.jira.plugin.system.customfieldtypes:readonlyfield"
"AWS Region","customfield_16467","option","com.atlassian.jira.plugin.system.customfieldtypes:select"
"Tenable Vulnerability Title","customfield_18407","string","com.atlassian.jira.plugin.system.customfieldtypes:readonlyfield"
"Tenable Solution","customfield_18408","string","com.atlassian.jira.plugin.system.customfieldtypes:textarea"
"Kibana APM Access","customfield_16465","option","com.atlassian.jira.plugin.system.customfieldtypes:select"
"Tenable CVSSv3 Base Score","customfield_18401","number","com.atlassian.jira.plugin.system.customfieldtypes:float"
"Tenable CVSSv3 Temporal Score","customfield_18402","number","com.atlassian.jira.plugin.system.customfieldtypes:float"
"Tenable CVSSv2 Base Score","customfield_18403","number","com.atlassian.jira.plugin.system.customfieldtypes:float"
"Tenable CVSSv2 Temporal Score","customfield_18404","number","com.atlassian.jira.plugin.system.customfieldtypes:float"
"DR Owning Team","customfield_21004","option","com.atlassian.jira.plugin.system.customfieldtypes:select"
"Elastic Kibana Instance","customfield_21488","option","com.atlassian.jira.plugin.system.customfieldtypes:select"
"DR System Name","customfield_21003","string","com.atlassian.jira.plugin.system.customfieldtypes:textfield"
"Program","customfield_21242","any","jira.polaris:connection"
"Test Case Type","customfield_11440","array","com.atlassian.jira.plugin.system.customfieldtypes:multicheckboxes"
"Reopened","customfield_11436","option","com.atlassian.jira.plugin.system.customfieldtypes:select"
"Risk?","customfield_14702","string","com.atlassian.jira.plugin.system.customfieldtypes:textarea"
"Sourcing Status","customfield_14703","option","com.atlassian.jira.plugin.system.customfieldtypes:select"
"City","customfield_18063","string","com.atlassian.jira.plugin.system.customfieldtypes:textfield"
"Financial Impact","customfield_22796","number","jira.polaris:rating"
"Financial Impact","customfield_22795","number","jira.polaris:slider"
"Brand","customfield_22794","option","com.atlassian.jira.plugin.system.customfieldtypes:select"
"Vote","customfield_22792","number","jira.polaris:votes"
"Release Version History","customfield_11420","array","com.atlassian.jira.plugin.system.customfieldtypes:multiversion"
"Unplanned Work","customfield_12512","option","com.atlassian.jira.plugin.system.customfieldtypes:radiobuttons"
"SS API Version","customfield_13600","string","com.atlassian.jira.plugin.system.customfieldtypes:textfield"
"Epic Name","customfield_11414","string","com.pyxis.greenhopper.jira:gh-epic-label"
"Epic Status","customfield_11413","option","com.pyxis.greenhopper.jira:gh-epic-status"
"Flagged","customfield_11416","array","com.atlassian.jira.plugin.system.customfieldtypes:multicheckboxes"
"Epic Color","customfield_11415","string","com.pyxis.greenhopper.jira:gh-epic-color"
"Story Points","customfield_11418","number","com.atlassian.jira.plugin.system.customfieldtypes:float"
"Sprint","customfield_11410","array","com.pyxis.greenhopper.jira:gh-sprint"
"Rank","customfield_11412","any","com.pyxis.greenhopper.jira:gh-lexo-rank"
"Epic Link","customfield_11411","any","com.pyxis.greenhopper.jira:gh-epic-link"
"Project Owner or Sponsor","customfield_11409","array","com.atlassian.jira.plugin.system.customfieldtypes:multiuserpicker"
"Business Requirement","customfield_11408","string","com.atlassian.jira.plugin.system.customfieldtypes:textarea"
"Mitigation Plan","customfield_21209","string","com.atlassian.jira.plugin.system.customfieldtypes:textarea"
"Risk Category","customfield_21208","option","com.atlassian.jira.plugin.system.customfieldtypes:select"
"Probability","customfield_21207","option","com.atlassian.jira.plugin.system.customfieldtypes:select"
"Risk Type","customfield_21206","option","com.atlassian.jira.plugin.system.customfieldtypes:select"
"Health Monitor","customfield_21205","option","com.atlassian.jira.plugin.system.customfieldtypes:select"
"ElasticSearch Role","customfield_21688","option","com.atlassian.jira.plugin.system.customfieldtypes:select"
"ElasticSearch Instance","customfield_21687","option","com.atlassian.jira.plugin.system.customfieldtypes:select"
"What are you wanting to do with an agent’s access?","customfield_16097","option","com.atlassian.jira.plugin.system.customfieldtypes:select"
"Which Google group do you need?","customfield_16096","option","com.atlassian.jira.plugin.system.customfieldtypes:select"
"2-10 Agent Access","customfield_21442","option","com.atlassian.jira.plugin.system.customfieldtypes:select"
"Owner","customfield_16095","user","com.atlassian.jira.plugin.system.customfieldtypes:userpicker"
"Standard or Admin Access","customfield_16094","option","com.atlassian.jira.plugin.system.customfieldtypes:select"
"Test Results","customfield_18030","array","com.atlassian.jira.plugin.system.customfieldtypes:multicheckboxes"
"Results Recap","customfield_18031","string","com.atlassian.jira.plugin.system.customfieldtypes:textfield"
"DBT Cloud Access","customfield_18032","option","com.atlassian.jira.plugin.system.customfieldtypes:select"
"ProConnect Agent Types","customfield_16098","option","com.atlassian.jira.plugin.system.customfieldtypes:select"
"Data Set","customfield_10305","string","com.atlassian.jira.plugin.system.customfieldtypes:textarea"
"ProConnect Contractor Onboarding Access","customfield_16093","array","com.atlassian.jira.plugin.system.customfieldtypes:multicheckboxes"
"Do you need a new account created for Amazon Connect CCP?","customfield_16092","option","com.atlassian.jira.plugin.system.customfieldtypes:select"
"Key Initiatives","customfield_20588","any","jira.polaris:connection"
"Do you need to load and manipulate data in Proto on Snowflake?","customfield_16085","option","com.atlassian.jira.plugin.system.customfieldtypes:select"
"SQL Skillset","customfield_16084","string","com.atlassian.jira.plugin.system.customfieldtypes:textfield"
"Corporate/Call Center Location","customfield_16083","option","com.atlassian.jira.plugin.system.customfieldtypes:select"
"Test Automation Status","customfield_18261","option","com.atlassian.jira.plugin.system.customfieldtypes:select"
"Unplanned PI Work","customfield_13801","option","com.atlassian.jira.plugin.system.customfieldtypes:select"
"Work Type","customfield_13800","option","com.atlassian.jira.plugin.system.customfieldtypes:select"
"Time to Approve","customfield_16082","sd-servicelevelagreement","com.atlassian.servicedesk:sd-sla-field"
"Functional Area","customfield_22999","option","com.atlassian.jira.plugin.system.customfieldtypes:select"
"Functional Owner","customfield_22998","array","com.atlassian.jira.plugin.system.customfieldtypes:people"
"Complete Path","customfield_16081","string","com.atlassian.jira.plugin.system.customfieldtypes:textfield"
"Which Ansible environment and team do you need be added to?","customfield_16080","option-with-child","com.atlassian.jira.plugin.system.customfieldtypes:cascadingselect"
"Does it store or process PII data?","customfield_16074","option","com.atlassian.jira.plugin.system.customfieldtypes:select"
"Is a new toll-free number required for the routing request?","customfield_16073","option","com.atlassian.jira.plugin.system.customfieldtypes:select"
"What CCP error message are you receiving?","customfield_16072","option","com.atlassian.jira.plugin.system.customfieldtypes:select"
"Stakeholder Signoff","customfield_18492","array","com.atlassian.jira.plugin.system.customfieldtypes:multicheckboxes"
"Queue(s)","customfield_16078","array","com.atlassian.jira.plugin.system.customfieldtypes:multiselect"
"Have you made your supervisor aware of this issue?","customfield_16071","option","com.atlassian.jira.plugin.system.customfieldtypes:select"
"Have you conducted a speed test and provided your results in the attachments below? (see link below)","customfield_16070","option","com.atlassian.jira.plugin.system.customfieldtypes:select"
"Test Component","customfield_21654","option","com.atlassian.jira.plugin.system.customfieldtypes:select"
"Notice of collection of information: notifying individuals prior to collection of information.","customfield_16064","string","com.atlassian.jira.plugin.system.customfieldtypes:textfield"
"26Q3 Priority","customfield_21653","number","com.atlassian.jira.plugin.system.customfieldtypes:float"
"Winner?","customfield_18001","number","jira.polaris:boolean"
"External sharing and disclosure: Which external organizations share the information?","customfield_16063","string","com.atlassian.jira.plugin.system.customfieldtypes:textfield"
"Internal sharing and disclosure: What departments can access your PII data?","customfield_16062","string","com.atlassian.jira.plugin.system.customfieldtypes:textfield"
"Information retention: How long is information retained?","customfield_16061","string","com.atlassian.jira.plugin.system.customfieldtypes:textfield"
"What kind of CCP - Connect issue are you having?","customfield_16068","option","com.atlassian.jira.plugin.system.customfieldtypes:select"
"Technology: What development process was used to develop the system?","customfield_16067","string","com.atlassian.jira.plugin.system.customfieldtypes:textfield"
"Technical access and security: Who can access the information or the system?","customfield_16066","string","com.atlassian.jira.plugin.system.customfieldtypes:textfield"
"Individual access, redress and correction: How can individuals access their information?","customfield_16065","string","com.atlassian.jira.plugin.system.customfieldtypes:textfield"
"CheckURL","customfield_18000","string","com.atlassian.jira.plugin.system.customfieldtypes:url"
"Have you logged-out, closed the browser and started a new one?","customfield_16069","option","com.atlassian.jira.plugin.system.customfieldtypes:select"
"Looker reactivate","customfield_21409","option","com.atlassian.jira.plugin.system.customfieldtypes:select"
"Optimizely Instance","customfield_21408","option","com.atlassian.jira.plugin.system.customfieldtypes:select"
"Check if this requires digital resources to execute effort","customfield_20798","array","com.atlassian.jira.plugin.system.customfieldtypes:multicheckboxes"
"Uses of the information: use of information and tools to analyze data.","customfield_16060","string","com.atlassian.jira.plugin.system.customfieldtypes:textfield"
"Expected Benefits & Success Measures","customfield_20799","string","com.atlassian.jira.plugin.system.customfieldtypes:textarea"
"Strategic Alignment","customfield_20796","option","com.atlassian.jira.plugin.system.customfieldtypes:select"
"Project Request Type","customfield_20797","option","com.atlassian.jira.plugin.system.customfieldtypes:select"
"Active/Committed Quarter(s)","customfield_20555","array","com.atlassian.jira.plugin.system.customfieldtypes:multicheckboxes"
"Parent Link","customfield_13100","any","com.atlassian.jpo:jpo-custom-field-parent"
"Additional Risk Approvers","customfield_17700","array","com.atlassian.jira.plugin.system.customfieldtypes:multiselect"
"Operations Manager","customfield_16611","array","com.atlassian.jira.plugin.system.customfieldtypes:people"
"Story Points","customfield_16610","number","com.atlassian.jira.plugin.system.customfieldtypes:float"
"Your scheduled work time","customfield_15761","string","com.atlassian.jira.plugin.system.customfieldtypes:textfield"
"Device Type","customfield_15767","option","com.atlassian.jira.plugin.system.customfieldtypes:select"
"What issue are you experiencing?","customfield_15768","option","com.atlassian.jira.plugin.system.customfieldtypes:select"
"Other Company","customfield_16612","option","com.atlassian.jira.plugin.system.customfieldtypes:select"
"Actual Volume","customfield_16608","number","com.atlassian.jira.plugin.system.customfieldtypes:float"
"Expected Volume","customfield_16607","number","com.atlassian.jira.plugin.system.customfieldtypes:float"
"Campaign Queue","customfield_16606","array","com.atlassian.jira.plugin.system.customfieldtypes:multicheckboxes"
"Seedlist","customfield_16605","array","com.atlassian.jira.plugin.system.customfieldtypes:multicheckboxes"
"Go Live Date","customfield_16609","date","com.atlassian.jira.plugin.system.customfieldtypes:datepicker"
"Specify what level of access is needed","customfield_15990","option","com.atlassian.jira.plugin.system.customfieldtypes:select"
"What elevated access is needed?","customfield_15994","option","com.atlassian.jira.plugin.system.customfieldtypes:select"
"Brand","customfield_16600","array","com.atlassian.jira.plugin.system.customfieldtypes:multicheckboxes"
"Expiration Date","customfield_17931","date","com.atlassian.jira.plugin.system.customfieldtypes:datepicker"
"Is there a website issue or a report issue?","customfield_15995","option","com.atlassian.jira.plugin.system.customfieldtypes:select"
"What GitLab group permissions do you need?","customfield_15992","option","com.atlassian.jira.plugin.system.customfieldtypes:select"
"Who will approve this person's batches?","customfield_15993","user","com.atlassian.jira.plugin.system.customfieldtypes:userpicker"
"Is this request to start or stop email forwarding?","customfield_15998","option","com.atlassian.jira.plugin.system.customfieldtypes:select"
"Audience Exclusions","customfield_16604","array","com.atlassian.jira.plugin.system.customfieldtypes:multicheckboxes"
"Sender Profile","customfield_16603","option","com.atlassian.jira.plugin.system.customfieldtypes:select"
"Send Cadence","customfield_16602","option","com.atlassian.jira.plugin.system.customfieldtypes:select"
"What is preventing you from assisting customers?","customfield_15754","string","com.atlassian.jira.plugin.system.customfieldtypes:textarea"
"Comms Channel(s)","customfield_16601","array","com.atlassian.jira.plugin.system.customfieldtypes:multicheckboxes"
"Last Name","customfield_15989","string","com.atlassian.jira.plugin.system.customfieldtypes:textfield"
"What Zoom access is needed?","customfield_15980","option","com.atlassian.jira.plugin.system.customfieldtypes:select"
"Department","customfield_15983","string","com.atlassian.jira.plugin.system.customfieldtypes:textfield"
"Service Market","customfield_15500","option","com.atlassian.jira.plugin.system.customfieldtypes:select"
"Username","customfield_15984","string","com.atlassian.jira.plugin.system.customfieldtypes:textfield"
"If Configuration Error, Note :","customfield_15740","string","com.atlassian.jira.plugin.system.customfieldtypes:textarea"
"Name","customfield_15982","string","com.atlassian.jira.plugin.system.customfieldtypes:textfield"
"First Name","customfield_15988","string","com.atlassian.jira.plugin.system.customfieldtypes:textfield"
"Country(s) are you traveling to","customfield_15985","string","com.atlassian.jira.plugin.system.customfieldtypes:textarea"
"What STAR access is needed?","customfield_15978","option","com.atlassian.jira.plugin.system.customfieldtypes:select"
"Read Only or Write Access","customfield_15979","option","com.atlassian.jira.plugin.system.customfieldtypes:select"
"Month","customfield_16820","option","com.atlassian.jira.plugin.system.customfieldtypes:select"
"Computer Name","customfield_15973","string","com.atlassian.jira.plugin.system.customfieldtypes:textfield"
"Which project do you need access to?","customfield_15970","string","com.atlassian.jira.plugin.system.customfieldtypes:textarea"
"Date & Time","customfield_15734","datetime","com.atlassian.jira.plugin.system.customfieldtypes:datetime"
"Do you need the ability to send/receive faxes internationally?","customfield_15976","option","com.atlassian.jira.plugin.system.customfieldtypes:select"
"Name of the mailbox","customfield_15977","string","com.atlassian.jira.plugin.system.customfieldtypes:textfield"
"Estimated End Date","customfield_16822","string","jira.polaris:interval"
"Remedy Ticket #","customfield_12225","string","com.atlassian.jira.plugin.system.customfieldtypes:textfield"
"Was this person hired?","customfield_16821","option","com.atlassian.jira.plugin.system.customfieldtypes:select"
"Do you have your company email on a mobile device?","customfield_15969","option","com.atlassian.jira.plugin.system.customfieldtypes:select"
"What is the exception number?","customfield_15967","string","com.atlassian.jira.plugin.system.customfieldtypes:textfield"
"What kind of printer?","customfield_15968","option","com.atlassian.jira.plugin.system.customfieldtypes:select"
"Type","customfield_16819","array","com.atlassian.jira.plugin.system.customfieldtypes:multicheckboxes"
"Domain","customfield_16818","array","com.atlassian.jira.plugin.system.customfieldtypes:multicheckboxes"
"Hosts (if applicable)","customfield_15960","string","com.atlassian.jira.plugin.system.customfieldtypes:textfield"
"Do you need to be able to login to the Service Account?","customfield_15965","option","com.atlassian.jira.plugin.system.customfieldtypes:select"
"Team","customfield_13301","team","com.atlassian.jira.plugin.system.customfieldtypes:atlassian-team"
"Launch Date","customfield_16811","string","jira.polaris:interval"
"Name of Project/Application/Service ","customfield_15722","string","com.atlassian.jira.plugin.system.customfieldtypes:textfield"
"Clone Compliance Task to Project","customfield_16810","option","com.atlassian.jira.plugin.system.customfieldtypes:select"
"Is this issue Computer or Mobile Device related?","customfield_15716","option","com.atlassian.jira.plugin.system.customfieldtypes:select"
"Please enumerate providing source by destination by port/protocol","customfield_15958","string","com.atlassian.jira.plugin.system.customfieldtypes:textarea"
"TestRail Access","customfield_15714","option","com.atlassian.jira.plugin.system.customfieldtypes:select"
"Shared Mailbox Domain","customfield_15956","option","com.atlassian.jira.plugin.system.customfieldtypes:select"
"Splunk Access","customfield_15715","option","com.atlassian.jira.plugin.system.customfieldtypes:select"
"Sourcing Manager","customfield_12207","user","com.atlassian.jira.plugin.system.customfieldtypes:userpicker"
"Oomnitza ITAM Role","customfield_16809","option","com.atlassian.jira.plugin.system.customfieldtypes:select"
"Location","customfield_15718","option","com.atlassian.jira.plugin.system.customfieldtypes:select"
"Compensation adjustment","customfield_20060","string","com.atlassian.jira.plugin.system.customfieldtypes:textfield"
"Subject","customfield_15951","string","com.atlassian.jira.plugin.system.customfieldtypes:textfield"
"Customer Request Type","customfield_12202","sd-customerrequesttype","com.atlassian.servicedesk:vp-origin"
"Requested by","customfield_11114","user","com.atlassian.jira.plugin.system.customfieldtypes:userpicker"
"Time to resolution","customfield_12204","sd-servicelevelagreement","com.atlassian.servicedesk:sd-sla-field"
"Detailed Description","customfield_15952","string","com.atlassian.jira.plugin.system.customfieldtypes:textarea"
"Request participants","customfield_12203","array","com.atlassian.servicedesk:sd-request-participants"
"Planned start date","customfield_15947","datetime","com.atlassian.jira.plugin.system.customfieldtypes:datetime"
"Coupa Requisition Approval Date","customfield_12437","date","com.atlassian.jira.plugin.system.customfieldtypes:datepicker"
"Planned end date","customfield_15948","datetime","com.atlassian.jira.plugin.system.customfieldtypes:datetime"
"Coupa Requisition Number","customfield_12436","string","com.atlassian.jira.plugin.system.customfieldtypes:textfield"
"Backout plan","customfield_15945","string","com.atlassian.jira.plugin.system.customfieldtypes:textarea"
"Last Updated By","customfield_11107","user","com.atlassian.jira.toolkit:lastupdaterorcommenter"
"Test plan","customfield_15946","string","com.atlassian.jira.plugin.system.customfieldtypes:textarea"
"Time to triage normal change","customfield_15949","sd-servicelevelagreement","com.atlassian.servicedesk:sd-sla-field"
"New job code","customfield_20059","string","com.atlassian.jira.plugin.system.customfieldtypes:textfield"
"New job title","customfield_20058","string","com.atlassian.jira.plugin.system.customfieldtypes:textfield"
"Does this firewall change involve a scoped PCI Environment?","customfield_15940","option","com.atlassian.jira.plugin.system.customfieldtypes:radiobuttons"
"Coupa Requisition Submit Date","customfield_12431","date","com.atlassian.jira.plugin.system.customfieldtypes:datepicker"
"Actual Date - Closed","customfield_11341","date","com.atlassian.jira.plugin.system.customfieldtypes:datepicker"
"Severity","customfield_15943","option","com.atlassian.jira.plugin.system.customfieldtypes:select"
"Target Date - Complete","customfield_12433","date","com.atlassian.jira.plugin.system.customfieldtypes:datepicker"
"Owner","customfield_15701","string","com.atlassian.jira.plugin.system.customfieldtypes:textfield"
"Implementation plan","customfield_15944","string","com.atlassian.jira.plugin.system.customfieldtypes:textarea"
"Target Date - Start","customfield_12432","date","com.atlassian.jira.plugin.system.customfieldtypes:datepicker"
"Project Manager","customfield_11346","array","com.atlassian.jira.plugin.system.customfieldtypes:multiuserpicker"
"Actual Date - Completed","customfield_12435","date","com.atlassian.jira.plugin.system.customfieldtypes:datepicker"
"Affected hardware","customfield_15942","string","com.atlassian.jira.plugin.system.customfieldtypes:textfield"
"Actual Date - Started","customfield_12434","date","com.atlassian.jira.plugin.system.customfieldtypes:datepicker"
"Participants","customfield_11104","array","com.atlassian.jira.toolkit:participants"
"What level of access do you need?","customfield_15936","option","com.atlassian.jira.plugin.system.customfieldtypes:select"
"Real Estate Application(s)","customfield_15937","array","com.atlassian.jira.plugin.system.customfieldtypes:multiselect"
"Office ID","customfield_15938","string","com.atlassian.jira.plugin.system.customfieldtypes:textfield"
"Agent ID","customfield_15939","string","com.atlassian.jira.plugin.system.customfieldtypes:textfield"
"Snowflake Table/View","customfield_21139","string","com.atlassian.jira.plugin.system.customfieldtypes:textfield"
"Initiative Definition and Business Requirements","customfield_21375","string","com.atlassian.jira.plugin.system.customfieldtypes:textarea"
"Projected Benefits & Outcome","customfield_21374","string","com.atlassian.jira.plugin.system.customfieldtypes:textarea"
"Specify what environment for access is needed","customfield_15925","option","com.atlassian.jira.plugin.system.customfieldtypes:select"
"Vendor(s)","customfield_11326","string","com.atlassian.jira.plugin.system.customfieldtypes:textfield"
"Which Ansible team do you need be added to?","customfield_15926","option","com.atlassian.jira.plugin.system.customfieldtypes:select"
"Legal/Regulatory","customfield_11328","option","com.atlassian.jira.plugin.system.customfieldtypes:select"
"Description of Error","customfield_15923","string","com.atlassian.jira.plugin.system.customfieldtypes:textarea"
"Who is this request for?","customfield_15924","user","com.atlassian.jira.plugin.system.customfieldtypes:userpicker"
"Major Systems Involved (AHS)","customfield_11327","array","com.atlassian.jira.plugin.system.customfieldtypes:multicheckboxes"
"Unix/Linux Access or Password","customfield_16453","option","com.atlassian.jira.plugin.system.customfieldtypes:select"
"Tested By","customfield_16451","user","com.atlassian.jira.plugin.system.customfieldtypes:userpicker"
"Contractor Job Title","customfield_16450","string","com.atlassian.jira.plugin.system.customfieldtypes:textfield"
"Third Party TPRM Process","customfield_17304","option","com.atlassian.jira.plugin.system.customfieldtypes:radiobuttons"
"SC DTC/Real Estate","customfield_16457","option","com.atlassian.jira.plugin.system.customfieldtypes:select"
"SC Application Area","customfield_16456","option","com.atlassian.jira.plugin.system.customfieldtypes:select"
"SC Issue Type","customfield_16454","option","com.atlassian.jira.plugin.system.customfieldtypes:select"
"Workaround Available","customfield_16459","option","com.atlassian.jira.plugin.system.customfieldtypes:select"
"AI Tool Additional Users","customfield_17305","string","com.atlassian.jira.plugin.system.customfieldtypes:textfield"
"Frequency","customfield_16458","option","com.atlassian.jira.plugin.system.customfieldtypes:select"
"AP Question Type","customfield_16680","option","com.atlassian.jira.plugin.system.customfieldtypes:select"
"Jira Project and Board Type (OLD)","customfield_16200","option-with-child","com.atlassian.jira.plugin.system.customfieldtypes:cascadingselect"
"Test Plan Link","customfield_16442","string","com.atlassian.jira.plugin.system.customfieldtypes:url"
"Street Number","customfield_16682","number","com.atlassian.jira.plugin.system.customfieldtypes:float"
"Time to done","customfield_16681","sd-servicelevelagreement","com.atlassian.servicedesk:sd-sla-field"
"Sailpoint Username","customfield_16446","string","com.atlassian.jira.plugin.system.customfieldtypes:textfield"
"VP, Risk | Business Owner","customfield_17535","user","com.atlassian.jira.plugin.system.customfieldtypes:userpicker"
"Do you currently have a Star account?","customfield_16203","option","com.atlassian.jira.plugin.system.customfieldtypes:select"
"Sailpoint UPN","customfield_16445","string","com.atlassian.jira.plugin.system.customfieldtypes:textfield"
"Statuses","customfield_16202","string","com.atlassian.jira.plugin.system.customfieldtypes:textfield"
"Contractor Manager","customfield_16444","user","com.atlassian.jira.plugin.system.customfieldtypes:userpicker"
"Owners","customfield_16201","array","com.atlassian.jira.plugin.system.customfieldtypes:multiuserpicker"
"Orca Security Role","customfield_16685","option","com.atlassian.jira.plugin.system.customfieldtypes:select"
"Contractor Department","customfield_16448","option","com.atlassian.jira.plugin.system.customfieldtypes:select"
"Work Email Address","customfield_16447","string","com.atlassian.jira.plugin.system.customfieldtypes:textfield"
"End Date (Planned)","customfield_16431","date","com.atlassian.jira.plugin.system.customfieldtypes:datepicker"
"Looker - Elevated Role","customfield_16673","option","com.atlassian.jira.plugin.system.customfieldtypes:select"
"Contact Name","customfield_15100","string","com.atlassian.jira.plugin.system.customfieldtypes:textfield"
"Start Date","customfield_16430","date","com.atlassian.jira.plugin.system.customfieldtypes:datepicker"
"Looker - Streem","customfield_16672","option","com.atlassian.jira.plugin.system.customfieldtypes:select"
"Looker - New Reports","customfield_16671","option","com.atlassian.jira.plugin.system.customfieldtypes:select"
"Training ID Action","customfield_16670","option","com.atlassian.jira.plugin.system.customfieldtypes:select"
"SODA Platform Access","customfield_17766","option","com.atlassian.jira.plugin.system.customfieldtypes:select"
"Hiring Manager","customfield_16677","user","com.atlassian.jira.plugin.system.customfieldtypes:userpicker"
"Mongo DB Environment (Multi)","customfield_16676","array","com.atlassian.jira.plugin.system.customfieldtypes:multiselect"
"Contact Title","customfield_15101","string","com.atlassian.jira.plugin.system.customfieldtypes:textfield"
"Business Purpose","customfield_16433","string","com.atlassian.jira.plugin.system.customfieldtypes:textarea"
"Project overview status","com.atlassian.atlas.jira__project-status","string","read-only-string-issue-field"
"CSC/SC Access Role","customfield_16432","option","com.atlassian.jira.plugin.system.customfieldtypes:select"
"Project overview key","com.atlassian.atlas.jira__project-key","string","read-only-string-issue-field"
"Test/Prod Environment Selection","customfield_16679","array","com.atlassian.jira.plugin.system.customfieldtypes:multiselect"
"Talent Organization","customfield_16678","option","com.atlassian.jira.plugin.system.customfieldtypes:select"
"Test Plan Link old","customfield_16429","string","com.atlassian.jira.plugin.system.customfieldtypes:textfield"
"Goal impact","customfield_16420","number","jira.polaris:rating"
"DigiCert Urgency","customfield_16662","option","com.atlassian.jira.plugin.system.customfieldtypes:select"
"Point of Contact","customfield_16661","user","com.atlassian.jira.plugin.system.customfieldtypes:userpicker"
"New Region/Territory","customfield_16660","string","com.atlassian.jira.plugin.system.customfieldtypes:textfield"
"Dependent Teams","customfield_16424","array","com.atlassian.jira.plugin.system.customfieldtypes:multicheckboxes"
"IncidentID","customfield_17997","string","com.atlassian.jira.plugin.system.customfieldtypes:textfield"
"OCI New/Existing","customfield_16666","option","com.atlassian.jira.plugin.system.customfieldtypes:select"
"Sprints","customfield_16423","option","com.atlassian.jira.plugin.system.customfieldtypes:select"
"OCI Report Type","customfield_16665","option","com.atlassian.jira.plugin.system.customfieldtypes:select"
"Device","customfield_16428","array","com.atlassian.jira.plugin.system.customfieldtypes:multicheckboxes"
"Confidence","customfield_16427","number","jira.polaris:rating"
"Key customers","customfield_16426","array","com.atlassian.jira.plugin.system.customfieldtypes:multicheckboxes"
"IncidentURL","customfield_17999","string","com.atlassian.jira.plugin.system.customfieldtypes:url"
"Public description","customfield_16425","string","com.atlassian.jira.plugin.system.customfieldtypes:textfield"
"Report Platform","customfield_16667","option","com.atlassian.jira.plugin.system.customfieldtypes:select"
"Incident Severity","customfield_17998","string","com.atlassian.jira.plugin.system.customfieldtypes:textfield"
"Effort (Reversed) - High for Low, Low for High","customfield_16418","number","jira.polaris:rating"
"Feedback Type","customfield_16651","option","com.atlassian.jira.plugin.system.customfieldtypes:select"
"Bug Environment","customfield_16650","option","com.atlassian.jira.plugin.system.customfieldtypes:select"
"Bucket","customfield_16413","option","com.atlassian.jira.plugin.system.customfieldtypes:select"
"Zip Code","customfield_16655","number","com.atlassian.jira.plugin.system.customfieldtypes:float"
"Severity Level","customfield_17502","option","com.atlassian.jira.plugin.system.customfieldtypes:select"
"Current Cost Center","customfield_16654","string","com.atlassian.jira.plugin.system.customfieldtypes:textfield"
"Associate Cost Center","customfield_16653","string","com.atlassian.jira.plugin.system.customfieldtypes:textfield"
"Zeus Issue Area","customfield_16652","option","com.atlassian.jira.plugin.system.customfieldtypes:select"
"Theme (Site Area)","customfield_16417","option","com.atlassian.jira.plugin.system.customfieldtypes:select"
"Region/Territory","customfield_16659","string","com.atlassian.jira.plugin.system.customfieldtypes:textfield"
"Short description","customfield_16416","string","com.atlassian.jira.plugin.system.customfieldtypes:textfield"
"Job Title","customfield_16658","string","com.atlassian.jira.plugin.system.customfieldtypes:textfield"
"Roadmap","customfield_16415","option","com.atlassian.jira.plugin.system.customfieldtypes:select"
"Type of RE people change","customfield_16657","array","com.atlassian.jira.plugin.system.customfieldtypes:multiselect"
"Goal","customfield_16414","array","com.atlassian.jira.plugin.system.customfieldtypes:multicheckboxes"
"Effective Date","customfield_16656","date","com.atlassian.jira.plugin.system.customfieldtypes:datepicker"
"Work category","customfield_16409","string","com.atlassian.jira.plugins.work-category-field:work-category-field-cftype"
"What Stripe role do you need?","customfield_16408","option","com.atlassian.jira.plugin.system.customfieldtypes:select"
"Defect Classification","customfield_16649","option","com.atlassian.jira.plugin.system.customfieldtypes:select"
"Idea","customfield_20903","any","jira.polaris:connection"
"Phase","customfield_20904","any","jira.polaris:connection"
"Portfolio","customfield_20902","any","jira.polaris:connection"
"I have an issue with (Zoom)","customfield_15792","option","com.atlassian.jira.plugin.system.customfieldtypes:select"
"DG Group Type","customfield_16640","option","com.atlassian.jira.plugin.system.customfieldtypes:select"
"Major incident","customfield_16644","string","com.atlassian.jira.modules.servicemanagement.major-incident-entity:major-incident-entity-field-cftype"
"Desktop Conclusion","customfield_17733","array","com.atlassian.jira.plugin.system.customfieldtypes:multicheckboxes"
"PagerDuty Postmortem/COE","customfield_16648","string","com.atlassian.jira.plugin.system.customfieldtypes:url"
"PagerDuty Incident","customfield_16647","string","com.atlassian.jira.plugin.system.customfieldtypes:url"
"Vendor Company","customfield_16646","option","com.atlassian.jira.plugin.system.customfieldtypes:select"
"Desktop Improvement","customfield_17735","number","com.atlassian.jira.plugin.system.customfieldtypes:float"
"Deployment Date","customfield_16645","datetime","com.atlassian.jira.plugin.system.customfieldtypes:datetime"
"Mobile Conclusion","customfield_17734","array","com.atlassian.jira.plugin.system.customfieldtypes:multicheckboxes"
"Functional Team AD Group B","customfield_16871","option","com.atlassian.jira.plugin.system.customfieldtypes:select"
"Functional Team AD Group A","customfield_16870","option","com.atlassian.jira.plugin.system.customfieldtypes:select"
"MFA Phone Type","customfield_16875","option","com.atlassian.jira.plugin.system.customfieldtypes:select"
"Functional Team Privledged Users","customfield_16874","array","com.atlassian.jira.plugin.system.customfieldtypes:multiuserpicker"
"Functional Team Users","customfield_16873","array","com.atlassian.jira.plugin.system.customfieldtypes:multiuserpicker"
"Lead Source","customfield_15300","option","com.atlassian.jira.plugin.system.customfieldtypes:select"
"Functional Team Change Type","customfield_16872","option","com.atlassian.jira.plugin.system.customfieldtypes:select"
"What ILINX product are you using?","customfield_15787","option","com.atlassian.jira.plugin.system.customfieldtypes:select"
"MFA Bypass Account Type","customfield_16869","option","com.atlassian.jira.plugin.system.customfieldtypes:select"
"Sentiment","customfield_16864","array","com.atlassian.servicedesk.sentiment:sd-sentiment"
"Okta Support Type","customfield_16863","option","com.atlassian.jira.plugin.system.customfieldtypes:select"
"Atlan Access","customfield_16862","option","com.atlassian.jira.plugin.system.customfieldtypes:select"
"Business Unit","customfield_14200","array","com.atlassian.jira.plugin.system.customfieldtypes:multicheckboxes"
"Goals","customfield_16868","array","com.atlassian.jira.plugin.system.customfieldtypes:goals"
"Number of Training IDs","customfield_16867","number","com.atlassian.jira.plugin.system.customfieldtypes:float"
"Training IDs Environment","customfield_16866","option","com.atlassian.jira.plugin.system.customfieldtypes:select"
"CSP Portal Support Type","customfield_16865","option","com.atlassian.jira.plugin.system.customfieldtypes:select"
